year,mo,region,extent,area
1979,Jan,N,15.41,12.41
1979,Feb,N,16.18,13.18
1979,Mar,N,16.34,13.21
1979,Apr,N,15.45,12.53
1979,May,N,13.86,11.11
1979,Jun,N,12.53,9.34
1979,Jul,N,10.31,6.69
1979,Aug,N,8.04,5.06
1979,Sep,N,7.05,4.58
1979,Oct,N,8.75,6.19
1979,Nov,N,10.94,8.37
1979,Dec,N,13.34,10.63
1979,Jan,S,5.4,3.47
1979,Feb,S,3.14,2.11
1979,Mar,S,4,2.66
1979,Apr,S,7.49,5.45
1979,May,S,10.83,8.3
1979,Jun,S,14.19,11.22
1979,Jul,S,16.52,13.26
1979,Aug,S,17.7,13.79
1979,Sep,S,18.2,14.29
1979,Oct,S,17.82,13.72
1979,Nov,S,15.34,11.32
1979,Dec,S,9.24,6.24
1980,Jan,N,14.86,11.94
1980,Feb,N,15.96,12.9
1980,Mar,N,16.04,12.99
1980,Apr,N,15.43,12.52
1980,May,N,13.79,10.96
1980,Jun,N,12.2,9
1980,Jul,N,10.1,6.53
1980,Aug,N,7.98,4.94
1980,Sep,N,7.67,4.87
1980,Oct,N,9.18,6.5
1980,Nov,N,11.38,8.73
1980,Dec,N,13.59,10.78
1980,Jan,S,4.56,3.08
1980,Feb,S,2.82,1.85
1980,Mar,S,3.29,2.11
1980,Apr,S,5.4,3.68
1980,May,S,8.86,6.44
1980,Jun,S,12.49,9.58
1980,Jul,S,15.56,12.18
1980,Aug,S,17.81,13.96
1980,Sep,S,18.82,14.87
1980,Oct,S,18.57,14.57
1980,Nov,S,16.13,11.84
1980,Dec,S,10.16,6.56
1981,Jan,N,14.91,11.91
1981,Feb,N,15.6,12.53
1981,Mar,N,15.63,12.71
1981,Apr,N,15.01,12.24
1981,May,N,13.8,10.99
1981,Jun,N,12.43,9.03
1981,Jul,N,10.27,6.31
1981,Aug,N,7.84,4.48
1981,Sep,N,7.14,4.44
1981,Oct,N,8.86,6.27
1981,Nov,N,10.93,8.31
1981,Dec,N,13.34,10.54
1981,Jan,S,4.41,2.84
1981,Feb,S,2.87,1.74
1981,Mar,S,3.39,2.16
1981,Apr,S,5.84,4.07
1981,May,S,9.35,7.08
1981,Jun,S,13.11,10.16
1981,Jul,S,16.04,12.78
1981,Aug,S,17.74,14.16
1981,Sep,S,18.6,14.78
1981,Oct,S,18.29,14.43
1981,Nov,S,16.11,12.07
1981,Dec,S,10.89,7.02
1982,Jan,N,15.18,12.19
1982,Feb,N,15.97,12.87
1982,Mar,N,16.04,13.07
1982,Apr,N,15.47,12.63
1982,May,N,13.97,11.17
1982,Jun,N,12.48,9.46
1982,Jul,N,10.37,6.87
1982,Aug,N,8.14,5
1982,Sep,N,7.3,4.43
1982,Oct,N,9.42,6.67
1982,Nov,N,11.63,9.06
1982,Dec,N,13.64,10.88
1982,Jan,S,5.26,3.25
1982,Feb,S,3.13,1.86
1982,Mar,S,4.29,2.84
1982,Apr,S,7.72,5.79
1982,May,S,10.76,8.27
1982,Jun,S,13.42,10.5
1982,Jul,S,15.87,12.47
1982,Aug,S,17.79,14.28
1982,Sep,S,18.35,14.53
1982,Oct,S,17.79,13.74
1982,Nov,S,15.54,11.27
1982,Dec,S,9.22,6.31
1983,Jan,N,14.94,12.01
1983,Feb,N,16.01,12.94
1983,Mar,N,16.09,12.93
1983,Apr,N,15.17,12.21
1983,May,N,13.49,10.87
1987,Jun,      N,7.63,-9999
1983,Jul,N,12.3,9.27
1983,Aug,N,10.57,6.86
1983,Sep,N,8.19,4.97
1987,Oct,      N,-9999,-9999
1988,Nov,      N,-9999,-9999
1983,Dec,N,7.39,4.7
1983,Jan,N,9.33,6.79
1983,Feb,N,11.46,8.99
1983,Mar,N,13.3,10.63
1983,Apr,S,4.77,3.21
1983,May,S,3.07,1.91
1983,Jun,S,4.02,2.62
1983,Jul,S,6.47,4.7
1983,Aug,S,9.53,7.16
1983,Sep,S,12.64,9.77
1983,Oct,S,15.47,12.37
1983,Nov,S,17.25,13.84
1983,Dec,S,18.59,14.68
1983,Jan,S,17.92,13.92
1983,Feb,S,16.01,11.57
1983,Mar,S,10.39,6.71
1984,Apr,N,14.47,11.68
1984,May,N,15.3,12.26
1984,Jun,N,15.58,12.55
1984,Jul,N,15.01,12.18
1984,Aug,N,13.58,10.88
1984,Sep,N,12.15,9.09
1984,Oct,N,9.98,6.3
1984,Nov,N,7.77,4.68
1984,Dec,N,6.81,4.11
1984,Jan,N,8.56,5.91
1984,Feb,N,10.84,8.24
1984,Mar,N,12.99,10.27
1984,Apr,S,4.78,2.93
1984,May,S,2.68,1.75
1984,Jun,S,3.61,2.34
1984,Jul,S,6.42,4.53
1984,Aug,S,9.75,7.41
1984,Sep,S,13.23,10.64
1984,Oct,S,16.4,13.38
1984,Nov,S,17.93,14.23
1984,Dec,S,18.17,14.27
1984,Jan,S,17.57,13.73
1984,Feb,S,16.13,12.06
1984,Mar,S,10.47,6.96
1985,Apr,N,14.72,11.69
1985,May,N,15.47,12.48
1985,Jun,N,15.89,12.75
1985,Jul,N,15.36,12.54
1985,Aug,N,14.07,11.25
1985,Sep,N,12.22,8.96
1985,Oct,N,9.74,5.99
1985,Nov,N,7.4,4.6
1985,Dec,N,6.7,4.23
1985,Jan,N,8.55,6.12
1985,Feb,N,11.02,8.42
1985,Mar,N,13.05,10.24
1985,Apr,S,4.46,2.87
1985,May,S,2.84,1.83
1985,Jun,S,3.72,2.54
1985,Jul,S,6.49,4.74
1985,Aug,S,10.15,7.84
1985,Sep,S,13.43,10.51
1985,Oct,S,15.72,12.48
1985,Nov,S,17.63,14.24
1985,Dec,S,18.7,14.72
1985,Jan,S,18.2,14.37
1985,Feb,S,16.14,12.34
1985,Mar,S,11.35,7.46
1986,Apr,N,14.89,11.88
1986,May,N,15.78,12.62
1986,Jun,N,15.91,12.72
1986,Jul,N,15.06,12.04
1986,Aug,N,13.38,10.7
1986,Sep,N,11.98,8.99
1986,Oct,N,10.15,6.62
1986,Nov,N,7.98,5.01
1986,Dec,N,7.41,4.72
1986,Jan,N,9.48,6.83
1986,Feb,N,11.45,8.87
1986,Mar,N,13.22,10.53
1986,Apr,S,5.42,3.43
1986,May,S,3.19,2
1986,Jun,S,3.7,2.38
1986,Jul,S,6.39,4.56
1986,Aug,S,9.3,7.04
1986,Sep,S,12.69,9.72
1986,Oct,S,15.32,12.09
1986,Nov,S,17,13.46
1986,Dec,S,17.68,13.88
1986,Jan,S,17.18,13.32
1986,Feb,S,15.01,10.87
1986,Mar,S,9.65,6.49
1987,Apr,N,14.97,11.9
1987,May,N,16.05,13.02
1987,Jun,N,15.82,12.83
1987,Jul,N,15.21,12.35
1987,Aug,N,13.74,10.97
1987,Sep,N,12.49,9.39
1987,Oct,N,10.33,6.55
1987,Nov,N,7.28,5.64
1987,Dec,N,9.05,7.49
1987,Jan,N,11.22,9.73
1987,Feb,S,5.13,3.31
1987,Mar,S,3.25,2
1987,Apr,S,4.11,2.75
1987,May,S,6.8,5.04
1987,Jun,S,9.69,7.53
1987,Jul,S,12.68,9.91
1987,Aug,S,15.75,12.5
1987,Sep,S,17.6,14.02
1987,Oct,S,18.25,14.27
1987,Nov,S,17.67,13.71
1987,Dec,S,15.58,11.23
1987,Jan,      S,-9999,-9999
1988,Feb,N,15.58,13.57
1988,Mar,N,15.96,13.9
1988,Apr,N,15.12,13.18
1988,May,N,13.56,11.41
1988,Jun,N,11.94,9.68
1988,Jul,N,9.81,7.01
1988,Aug,N,7.89,5.42
1988,Sep,N,7.37,5.36
1988,Oct,N,9.13,7.52
1988,Nov,N,11.33,9.91
1988,Dec,N,13.63,11.99
1988,Jan,      S,-9999,-9999
1988,Feb,S,2.89,1.9
1988,Mar,S,3.97,2.59
1988,Apr,S,6.29,4.44
1988,May,S,9.6,7.23
1988,Jun,S,13.09,10.28
1988,Jul,S,15.75,12.62
1988,Aug,S,17.56,13.98
1988,Sep,S,18.31,14.2
1988,Oct,S,18.36,14.41
1988,Nov,S,16.15,12.29
1988,Dec,S,11.06,7.4
1989,Jan,N,14.95,13.18
1989,Feb,N,15.5,13.36
1989,Mar,N,15.42,13.21
1989,Apr,N,14.33,12.36
1989,May,N,13.04,11.35
1989,Jun,N,12.24,9.95
1989,Jul,N,10.13,7.33
1989,Aug,N,7.88,5.56
1989,Sep,N,7.01,4.86
1989,Oct,N,8.83,6.96
1989,Nov,N,11.12,9.46
1989,Dec,N,13.39,11.61
1989,Jan,S,4.74,3.17
1989,Feb,S,2.98,2.03
1989,Mar,S,3.93,2.59
1989,Apr,S,6.31,4.5
1989,May,S,10.3,8
1989,Jun,S,13.58,10.81
1989,Jul,S,15.71,12.58
1989,Aug,S,17.47,14.03
1989,Sep,S,18.12,14.48
1989,Oct,S,17.86,13.85
1989,Nov,S,15.73,11.42
1989,Dec,S,9.84,6.7
1990,Jan,N,14.78,12.8
1990,Feb,N,15.58,13.42
1990,Mar,N,15.87,13.51
1990,Apr,N,14.65,12.28
1990,May,N,13.23,10.9
1990,Jun,N,11.64,9.2
1990,Jul,N,9.25,6.52
1990,Aug,N,6.8,4.99
1990,Sep,N,6.14,4.55
1990,Oct,N,8.48,6.74
1990,Nov,N,11.08,9.64
1990,Dec,N,13.11,11.47
1990,Jan,S,4.87,3.39
1990,Feb,S,3.04,2.21
1990,Mar,S,3.97,2.79
1990,Apr,S,7,5.18
1990,May,S,9.72,7.46
1990,Jun,S,13.08,10.35
1990,Jul,S,15.57,12.27
1990,Aug,S,17.57,14.03
1990,Sep,S,18.19,14.39
1990,Oct,S,17.95,13.8
1990,Nov,S,15.47,11.35
1990,Dec,S,9.95,6.73
1991,Jan,N,14.36,12.57
1991,Feb,N,15.25,13.22
1991,Mar,N,15.42,13.42
1991,Apr,N,14.86,12.87
1991,May,N,13.47,11.5
1991,Jun,N,12.11,9.66
1991,Jul,N,9.51,6.76
1991,Aug,N,7.42,5.21
1991,Sep,N,6.47,4.51
1991,Oct,N,8.54,6.75
1991,Nov,N,10.88,9.25
1991,Dec,N,12.95,11.19
1991,Jan,S,5.34,3.52
1991,Feb,S,3.16,2.09
1991,Mar,S,3.81,2.65
1991,Apr,S,7.05,5.18
1991,May,S,10.28,7.86
1991,Jun,S,13.07,9.99
1991,Jul,S,15.55,12.22
1991,Aug,S,17.72,14.05
1991,Sep,S,18.31,14.47
1991,Oct,S,17.92,13.8
1991,Nov,S,15.58,11.46
1991,Dec,S,10.19,6.8
1992,Jan,N,14.64,12.61
1992,Feb,N,15.46,13.58
1992,Mar,N,15.48,13.48
1992,Apr,N,14.68,12.84
1992,May,N,13.22,11.43
1992,Jun,N,12.15,9.95
1992,Jul,N,10.32,7.22
1992,Aug,N,7.93,5.44
1992,Sep,N,7.47,5.43
1992,Oct,N,9.32,7.74
1992,Nov,N,11.38,9.75
1992,Dec,N,13.41,11.72
1992,Jan,S,4.75,3.24
1992,Feb,S,2.84,1.86
1992,Mar,S,3.57,2.47
1992,Apr,S,6.79,5
1992,May,S,9.92,7.62
1992,Jun,S,12.81,10
1992,Jul,S,15.89,12.58
1992,Aug,S,17.73,14.17
1992,Sep,S,18.15,14.13
1992,Oct,S,17.93,13.85
1992,Nov,S,15.9,11.2
1992,Dec,S,10.21,6.18
1993,Jan,N,14.9,12.93
1993,Feb,N,15.69,13.61
1993,Mar,N,15.81,13.77
1993,Apr,N,15.08,13.03
1993,May,N,13.37,11.42
1993,Jun,N,11.87,9.26
1993,Jul,N,9.48,6.28
1993,Aug,N,7.33,4.76
1993,Sep,N,6.4,4.58
1993,Oct,N,8.79,7.06
1993,Nov,N,11.32,9.54
1993,Dec,N,13.32,11.48
1993,Jan,S,4.41,2.55
1993,Feb,S,2.48,1.37
1993,Mar,S,3.67,2.24
1993,Apr,S,6.65,4.9
1993,May,S,10.1,7.89
1993,Jun,S,13.15,10.37
1993,Jul,S,15.85,12.72
1993,Aug,S,17.49,13.93
1993,Sep,S,18.54,14.7
1993,Oct,S,18.13,14.17
1993,Nov,S,16.04,11.83
1993,Dec,S,9.93,6.67
1994,Jan,N,14.73,12.88
1994,Feb,N,15.56,13.52
1994,Mar,N,15.55,13.55
1994,Apr,N,14.89,12.91
1994,May,N,13.62,11.66
1994,Jun,N,12.02,9.68
1994,Jul,N,9.93,6.92
1994,Aug,N,7.64,5.19
1994,Sep,N,7.14,5.13
1994,Oct,N,8.92,7.23
1994,Nov,N,11.12,9.71
1994,Dec,N,13.27,11.49
1994,Jan,S,4.97,3.37
1994,Feb,S,3.2,2.22
1994,Mar,S,4.55,3.2
1994,Apr,S,7.22,5.45
1994,May,S,10.41,8.21
1994,Jun,S,13.56,10.73
1994,Jul,S,16.3,13.12
1994,Aug,S,17.84,14.49
1994,Sep,S,18.61,14.61
1994,Oct,S,18.09,14.07
1994,Nov,S,15.88,11.78
1994,Dec,S,10.1,7.11
1995,Jan,N,14.59,12.79
1995,Feb,N,15.23,13.37
1995,Mar,N,15.26,13.34
1995,Apr,N,14.45,12.4
1995,May,N,12.97,10.9
1995,Jun,N,11.44,8.94
1995,Jul,N,8.99,6.16
1995,Aug,N,6.74,4.69
1995,Sep,N,6.08,4.43
1995,Oct,N,7.83,5.99
1995,Nov,N,10.76,9.03
1995,Dec,N,12.92,11.09
1995,Jan,S,5.64,3.73
1995,Feb,S,3.56,2.19
1995,Mar,S,4.63,3.01
1995,Apr,S,7.27,5.4
1995,May,S,10.42,8.19
1995,Jun,S,13.29,10.46
1995,Jul,S,15.74,12.53
1995,Aug,S,17.78,14.2
1995,Sep,S,18.37,14.46
1995,Oct,S,18.03,13.57
1995,Nov,S,15.63,11.49
1995,Dec,S,10.62,7.19
1996,Jan,N,14.18,12.15
1996,Feb,N,15.15,12.98
1996,Mar,N,15.12,12.9
1996,Apr,N,14.22,12.32
1996,May,N,13.09,11.28
1996,Jun,N,12.08,9.83
1996,Jul,N,10.16,7.44
1996,Aug,N,8.18,5.73
1996,Sep,N,7.58,5.62
1996,Oct,N,9.16,7.54
1996,Nov,N,10.4,8.77
1996,Dec,N,12.86,11.03
1996,Jan,S,5.87,3.55
1996,Feb,S,2.98,1.77
1996,Mar,S,4.18,2.65
1996,Apr,S,7.28,5.37
1996,May,S,10.92,8.65
1996,Jun,S,13.87,11.09
1996,Jul,S,16.12,12.89
1996,Aug,S,17.74,13.9
1996,Sep,S,18.63,14.54
1996,Oct,S,17.96,13.94
1996,Nov,S,15.72,11.24
1996,Dec,S,9.65,6.24
1997,Jan,N,14.42,12.39
1997,Feb,N,15.44,13.44
1997,Mar,N,15.47,13.3
1997,Apr,N,14.56,12.57
1997,May,N,13.18,11.24
1997,Jun,N,11.74,9.2
1997,Jul,N,9.41,6.5
1997,Aug,N,7.29,5.09
1997,Sep,N,6.69,4.89
1997,Oct,N,8.34,6.47
1997,Nov,N,10.68,9.07
1997,Dec,N,13.08,11.24
1997,Jan,S,4.2,2.77
1997,Feb,S,2.49,1.72
1997,Mar,S,3.46,2.3
1997,Apr,S,6.49,4.84
1997,May,S,10.12,7.91
1997,Jun,S,13.12,10.22
1997,Jul,S,15.92,12.75
1997,Aug,S,17.68,14.09
1997,Sep,S,18.6,14.59
1997,Oct,S,17.99,14.12
1997,Nov,S,15.73,11.59
1997,Dec,S,10.29,6.99
1998,Jan,N,14.72,12.81
1998,Feb,N,15.75,13.77
1998,Mar,N,15.6,13.57
1998,Apr,N,14.89,12.85
1998,May,N,13.59,11.4
1998,Jun,N,11.71,9.18
1998,Jul,N,9.42,6.45
1998,Aug,N,7.51,4.69
1998,Sep,N,6.54,4.3
1998,Oct,N,8.45,6.71
1998,Nov,N,10.44,8.88
1998,Dec,N,12.76,10.91
1998,Jan,S,4.46,3.04
1998,Feb,S,2.99,1.87
1998,Mar,S,4.11,2.71
1998,Apr,S,6.85,5.12
1998,May,S,10.33,7.91
1998,Jun,S,13.31,10.34
1998,Jul,S,15.96,12.66
1998,Aug,S,17.88,14.06
1998,Sep,S,18.9,14.84
1998,Oct,S,18.66,14.54
1998,Nov,S,16.3,11.88
1998,Dec,S,10.52,6.8
1999,Jan,N,14.36,12.6
1999,Feb,N,15.31,13.45
1999,Mar,N,15.4,13.54
1999,Apr,N,15.08,13.15
1999,May,N,13.75,11.66
1999,Jun,N,11.78,9.25
1999,Jul,N,9.49,6.55
1999,Aug,N,7.23,4.75
1999,Sep,N,6.12,4.29
1999,Oct,N,8.6,6.83
1999,Nov,N,10.8,9.26
1999,Dec,N,12.64,10.99
1999,Jan,S,4.82,3.11
1999,Feb,S,2.97,1.77
1999,Mar,S,3.98,2.58
1999,Apr,S,6.89,5.13
1999,May,S,10.27,8.07
1999,Jun,S,13.65,10.83
1999,Jul,S,16.28,13.06
1999,Aug,S,17.96,14.24
1999,Sep,S,18.7,14.62
1999,Oct,S,18.35,14.23
1999,Nov,S,15.96,11.51
1999,Dec,S,10.72,6.8
2000,Jan,N,14.22,12.3
2000,Feb,N,15.14,13.09
2000,Mar,N,15.22,13.17
2000,Apr,N,14.56,12.6
2000,May,N,13.15,11.24
2000,Jun,N,11.67,9.05
2000,Jul,N,9.51,6.39
2000,Aug,N,7.17,4.78
2000,Sep,N,6.25,4.35
2000,Oct,N,8.38,6.69
2000,Nov,N,10.32,8.87
2000,Dec,N,12.64,10.96
2000,Jan,S,4.75,2.92
2000,Feb,S,2.91,1.72
2000,Mar,S,4.09,2.67
2000,Apr,S,7.13,5.31
2000,May,S,10.92,8.56
2000,Jun,S,13.89,11.04
2000,Jul,S,16.1,12.99
2000,Aug,S,18.21,14.64
2000,Sep,S,18.89,15.07
2000,Oct,S,18.13,14.26
2000,Nov,S,15.76,11.81
2000,Dec,S,9.91,6.95
2001,Jan,N,14.2,12.35
2001,Feb,N,15.21,13.22
2001,Mar,N,15.52,13.64
2001,Apr,N,14.86,13.05
2001,May,N,13.51,11.38
2001,Jun,N,11.46,9.09
2001,Jul,N,9.07,6.29
2001,Aug,N,7.46,4.94
2001,Sep,N,6.73,4.59
2001,Oct,N,8.3,6.65
2001,Nov,N,10.66,9.08
2001,Dec,N,12.49,10.55
2001,Jan,S,5.23,3.64
2001,Feb,S,3.65,2.44
2001,Mar,S,4.73,3.36
2001,Apr,S,7.04,5.3
2001,May,S,10.33,8
2001,Jun,S,13.42,10.56
2001,Jul,S,15.85,12.58
2001,Aug,S,17.42,13.75
2001,Sep,S,18.17,14.36
2001,Oct,S,17.73,13.34
2001,Nov,S,15.61,11
2001,Dec,S,10.35,6.36
2002,Jan,N,14.27,12.26
2002,Feb,N,15.34,13.42
2002,Mar,N,15.35,13.42
2002,Apr,N,14.3,12.41
2002,May,N,12.97,11.16
2002,Jun,N,11.58,9.19
2002,Jul,N,9.27,6.44
2002,Aug,N,6.6,4.32
2002,Sep,N,5.83,4.03
2002,Oct,N,8.16,6.24
2002,Nov,N,10.34,8.75
2002,Dec,N,12.61,10.64
2002,Jan,S,4.74,2.95
2002,Feb,S,2.96,1.82
2002,Mar,S,3.75,2.36
2002,Apr,S,6.33,4.59
2002,May,S,9.51,7.18
2002,Jun,S,12.38,9.7
2002,Jul,S,15.41,12.52
2002,Aug,S,17.07,13.74
2002,Sep,S,17.89,14.1
2002,Oct,S,17.87,13.82
2002,Nov,S,15.41,11.67
2002,Dec,S,10.79,7.61
2003,Jan,N,14.39,12.29
2003,Feb,N,15.19,13.23
2003,Mar,N,15.48,13.42
2003,Apr,N,14.51,12.46
2003,May,N,13.02,10.89
2003,Jun,N,11.6,9.11
2003,Jul,N,9.21,6.15
2003,Aug,N,6.94,4.52
2003,Sep,N,6.12,4.05
2003,Oct,N,7.85,5.98
2003,Nov,N,10.13,8.57
2003,Dec,N,12.59,10.8
2003,Jan,S,5.77,4.11
2003,Feb,S,3.79,2.66
2003,Mar,S,4.44,3.24
2003,Apr,S,7.21,5.56
2003,May,S,10.74,8.45
2003,Jun,S,13.99,11.16
2003,Jul,S,16.4,13.17
2003,Aug,S,17.58,13.77
2003,Sep,S,18.3,14.14
2003,Oct,S,18.2,13.87
2003,Nov,S,16.11,11.47
2003,Dec,S,10.56,7.2
2004,Jan,N,14.03,12.26
2004,Feb,N,14.91,12.94
2004,Mar,N,14.99,12.99
2004,Apr,N,13.99,12.16
2004,May,N,12.56,10.92
2004,Jun,N,11.45,9.24
2004,Jul,N,9.43,6.51
2004,Aug,N,6.85,4.67
2004,Sep,N,5.98,4.39
2004,Oct,N,7.93,6.4
2004,Nov,N,10.34,8.95
2004,Dec,N,12.55,10.98
2004,Jan,S,5.59,3.8
2004,Feb,S,3.58,2.36
2004,Mar,S,4.53,3.16
2004,Apr,S,7.28,5.39
2004,May,S,10.47,8.19
2004,Jun,S,13.78,10.89
2004,Jul,S,16.33,13.16
2004,Aug,S,18.01,14.23
2004,Sep,S,18.92,14.59
2004,Oct,S,18.46,14.12
2004,Nov,S,16.08,11.75
2004,Dec,S,10.23,6.93
2005,Jan,N,13.66,11.92
2005,Feb,N,14.37,12.35
2005,Mar,N,14.69,12.74
2005,Apr,N,14.09,12.23
2005,May,N,12.91,10.88
2005,Jun,N,11.16,8.81
2005,Jul,N,8.65,5.9
2005,Aug,N,6.3,4.21
2005,Sep,N,5.5,4.07
2005,Oct,N,7.35,5.78
2005,Nov,N,10.22,8.8
2005,Dec,N,12.23,10.56
2005,Jan,S,4.75,3.18
2005,Feb,S,2.97,1.97
2005,Mar,S,4.08,2.73
2005,Apr,S,7.03,5.19
2005,May,S,10.29,7.96
2005,Jun,S,13.29,10.31
2005,Jul,S,16.16,12.72
2005,Aug,S,17.92,13.95
2005,Sep,S,18.8,14.85
2005,Oct,S,18.48,14.04
2005,Nov,S,16.32,11.8
2005,Dec,S,9.68,6.33
2006,Jan,N,13.47,11.65
2006,Feb,N,14.32,12.35
2006,Mar,N,14.42,12.52
2006,Apr,N,13.91,12.04
2006,May,N,12.52,10.45
2006,Jun,N,10.92,8.41
2006,Jul,N,8.46,5.79
2006,Aug,N,6.5,4.31
2006,Sep,N,5.86,4.01
2006,Oct,N,7.54,5.8
2006,Nov,N,9.66,8.13
2006,Dec,N,11.95,10.17
2006,Jan,S,4.16,2.81
2006,Feb,S,2.65,1.76
2006,Mar,S,3.21,2.01
2006,Apr,S,6.01,4.28
2006,May,S,9.46,7.2
2006,Jun,S,13.34,10.58
2006,Jul,S,16.11,12.88
2006,Aug,S,18.1,14.54
2006,Sep,S,19.09,15.18
2006,Oct,S,18.73,14.68
2006,Nov,S,16.23,11.61
2006,Dec,S,9.85,6.48
2007,Jan,N,13.7,11.86
2007,Feb,N,14.51,12.58
2007,Mar,N,14.54,12.56
2007,Apr,N,13.85,11.83
2007,May,N,12.78,10.77
2007,Jun,N,11.22,8.21
2007,Jul,N,7.94,5.13
2007,Aug,N,5.34,3.19
2007,Sep,N,4.27,2.82
2007,Oct,N,6.04,4.33
2007,Nov,N,9.76,8.06
2007,Dec,N,12.03,10.18
2007,Jan,S,4.67,3
2007,Feb,S,2.9,1.94
2007,Mar,S,3.83,2.54
2007,Apr,S,6.42,4.7
2007,May,S,9.65,7.54
2007,Jun,S,13.29,10.48
2007,Jul,S,15.96,12.61
2007,Aug,S,17.68,14.03
2007,Sep,S,18.86,15.39
2007,Oct,S,18.51,14.59
2007,Nov,S,15.89,12.16
2007,Dec,S,11.98,8.38
2008,Jan,N,13.89,12.3
2008,Feb,N,14.95,13.21
2008,Mar,N,15.18,13.53
2008,Apr,N,14.35,12.78
2008,May,N,12.97,11.25
2008,Jun,N,11.21,8.85
2008,Jul,N,8.68,6.06
2008,Aug,N,5.91,3.79
2008,Sep,N,4.69,3.26
2008,Oct,N,7.35,5.77
2008,Nov,N,10.34,9.05
2008,Dec,N,12.36,10.97
2008,Jan,S,6.41,4.07
2008,Feb,S,3.89,2.4
2008,Mar,S,5.28,3.68
2008,Apr,S,8.24,6.23
2008,May,S,11.05,8.6
2008,Jun,S,14.06,11.4
2008,Jul,S,16.09,12.95
2008,Aug,S,17.64,14.13
2008,Sep,S,18.15,14.39
2008,Oct,S,17.99,14.12
2008,Nov,S,16.25,12.01
2008,Dec,S,11.51,7.39
2009,Jan,N,13.91,12.32
2009,Feb,N,14.81,13.21
2009,Mar,N,14.98,13.43
2009,Apr,N,14.5,12.92
2009,May,N,13.19,11.48
2009,Jun,N,11.32,9.25
2009,Jul,N,8.47,6.12
2009,Aug,N,6.14,4.16
2009,Sep,N,5.26,3.76
2009,Oct,N,6.92,5.24
2009,Nov,N,9.77,8.36
2009,Dec,N,12.2,10.59
2009,Jan,S,5.71,3.5
2009,Feb,S,2.99,1.97
2009,Mar,S,4.44,3.02
2009,Apr,S,7.8,5.96
2009,May,S,10.93,8.46
2009,Jun,S,13.91,11.09
2009,Jul,S,16.26,13.09
2009,Aug,S,18.1,14.45
2009,Sep,S,18.96,15.08
2009,Oct,S,18.3,14.35
2009,Nov,S,15.85,11.8
2009,Dec,S,10.74,7.09
2010,Jan,N,13.74,12.04
2010,Feb,N,14.58,12.96
2010,Mar,N,15.14,13.53
2010,Apr,N,14.66,12.85
2010,May,N,12.87,10.88
2010,Jun,N,10.59,8.37
2010,Jul,N,8.07,5.57
2010,Aug,N,5.87,3.88
2010,Sep,N,4.87,3.34
2010,Oct,N,6.98,5.48
2010,Nov,N,9.61,8.43
2010,Dec,N,11.83,10.43
2010,Jan,S,4.96,3.33
2010,Feb,S,3.11,2.11
2010,Mar,S,3.85,2.66
2010,Apr,S,6.72,5
2010,May,S,10.64,8.33
2010,Jun,S,14.41,11.65
2010,Jul,S,16.92,13.74
2010,Aug,S,18.61,14.95
2010,Sep,S,18.8,14.43
2010,Oct,S,18.65,14.41
2010,Nov,S,16.75,11.92
2010,Dec,S,11.27,6.94
2011,Jan,N,13.46,11.83
2011,Feb,N,14.36,12.76
2011,Mar,N,14.55,12.83
2011,Apr,N,14.11,12.45
2011,May,N,12.68,10.74
2011,Jun,N,10.75,8.54
2011,Jul,N,7.72,5.4
2011,Aug,N,5.5,3.38
2011,Sep,N,4.56,3.21
2011,Oct,N,6.46,5.02
2011,Nov,N,9.77,8.52
2011,Dec,N,12.15,10.63
2011,Jan,S,4.51,3.05
2011,Feb,S,2.52,1.86
2011,Mar,S,3.37,2.26
2011,Apr,S,6.1,4.39
2011,May,S,10.09,7.85
2011,Jun,S,13.33,10.54
2011,Jul,S,15.75,12.34
2011,Aug,S,17.81,14.04
2011,Sep,S,18.74,14.57
2011,Oct,S,18.22,14.23
2011,Nov,S,15.76,11.77
2011,Dec,S,11.2,7.4
2012,Jan,N,13.73,12.21
2012,Feb,N,14.55,12.72
2012,Mar,N,15.2,13.41
2012,Apr,N,14.63,12.87
2012,May,N,13.01,11.05
2012,Jun,N,10.67,8.16
2012,Jul,N,7.67,5.09
2012,Aug,N,4.72,2.93
2012,Sep,N,3.57,2.41
2012,Oct,N,5.89,4.58
2012,Nov,N,9.39,8.06
2012,Dec,N,12.01,10.45
2012,Jan,S,5.65,3.71
2012,Feb,S,3.55,2.19
2012,Mar,S,4.55,2.91
2012,Apr,S,7.31,5.55
2012,May,S,10.46,8.15
2012,Jun,S,13.55,10.79
2012,Jul,S,16.3,13.31
2012,Aug,S,18.1,14.56
2012,Sep,S,19.21,15.41
2012,Oct,S,18.59,14.45
2012,Nov,S,16.11,12.07
2012,Dec,S,10.39,7.38
2013,Jan,N,13.7,12.02
2013,Feb,N,14.72,13.2
2013,Mar,N,15.03,13.45
2013,Apr,N,14.3,12.75
2013,May,N,13,11.25
2013,Jun,N,11.36,8.95
2013,Jul,N,8.13,5.81
2013,Aug,N,6.01,4.17
2013,Sep,N,5.21,3.78
2013,Oct,N,7.45,5.95
2013,Nov,N,9.94,8.66
2013,Dec,N,12.18,10.87
2013,Jan,S,5.54,3.94
2013,Feb,S,3.84,2.58
2013,Mar,S,5.02,3.49
2013,Apr,S,7.62,5.75
2013,May,S,10.92,8.49
2013,Jun,S,14.15,11.27
2013,Jul,S,16.81,13.73
2013,Aug,S,18.66,15.13
2013,Sep,S,19.39,15.28
2013,Oct,S,19.02,15.13
2013,Nov,S,16.87,12.77
2013,Dec,S,11.85,8.34
2014,Jan,N,13.65,12.1
2014,Feb,N,14.42,12.56
2014,Mar,N,14.76,12.95
2014,Apr,N,14.09,12.43
2014,May,N,12.7,11.05
2014,Jun,N,11.03,8.76
2014,Jul,N,8.11,5.96
2014,Aug,N,6.08,4.37
2014,Sep,N,5.22,3.74
2014,Oct,N,7.23,5.7
2014,Nov,N,10.11,8.75
2014,Dec,N,12.35,10.89
2014,Jan,S,6.33,4.38
2014,Feb,S,3.84,2.65
2014,Mar,S,4.9,3.32
2014,Apr,S,8.34,6.41
2014,May,S,11.52,9.03
2014,Jun,S,14.69,12.06
2014,Jul,S,17.11,13.95
2014,Aug,S,18.91,15.1
2014,Sep,S,19.76,15.75
2014,Oct,S,19,14.83
2014,Nov,S,16.39,12.26
2014,Dec,S,11.93,8.21
2015,Jan,N,13.6,12.17
2015,Feb,N,14.4,12.85
2015,Mar,N,14.37,12.78
2015,Apr,N,13.89,12.33
2015,May,N,12.47,10.9
2015,Jun,N,10.88,8.7
2015,Jul,N,8.38,5.66
2015,Aug,N,5.6,3.63
2015,Sep,N,4.62,3.42
2015,Oct,N,6.97,5.49
2015,Nov,N,9.85,8.48
2015,Dec,N,12.04,10.64
2015,Jan,S,6.85,4.34
2015,Feb,S,3.8,2.54
2015,Mar,S,4.96,3.45
2015,Apr,S,8.37,6.37
2015,May,S,11.72,9.21
2015,Jun,S,14.47,11.48
2015,Jul,S,16.78,13.45
2015,Aug,S,17.75,14.02
2015,Sep,S,18.44,14.45
2015,Oct,S,18.41,14.36
2015,Nov,S,16.18,11.9
2015,Dec,S,10.66,7.09
2016,Jan,N,13.46,11.8
2016,Feb,N,14.2,12.43
2016,Mar,N,14.4,12.61
2016,Apr,N,13.68,11.98
2016,May,N,11.92,10.25
2016,Jun,N,10.41,8.21
2016,Jul,N,7.94,5.37
2016,Aug,N,5.37,3.31
2016,Sep,N,4.53,2.91
2016,Oct,N,6.08,4.4
2016,Nov,N,8.66,7.01
2016,Dec,N,11.46,9.62
2016,Jan,S,4.69,3.03
2016,Feb,S,2.79,1.86
2016,Mar,S,4.07,2.77
2016,Apr,S,7.22,5.38
2016,May,S,10.1,7.91
2016,Jun,S,13.24,10.61
2016,Jul,S,16.02,12.55
2016,Aug,S,17.89,13.98
2016,Sep,S,18.15,13.86
2016,Oct,S,17.46,12.94
2016,Nov,S,14.22,9.84
2016,Dec,S,8.28,5.51
2017,Jan,N,13.19,11.37
2017,Feb,N,14.12,12.32
2017,Mar,N,14.29,12.61
2017,Apr,N,13.75,12.26
2017,May,N,12.63,11.01
2017,Jun,N,10.76,8.63
2017,Jul,N,7.94,5.65
2017,Aug,N,5.48,3.64
2017,Sep,N,4.82,3.35
2017,Oct,N,6.77,5.3
2017,Nov,N,9.49,8.08
2017,Dec,N,11.74,10.26
2017,Jan,S,3.78,2.56
2017,Feb,S,2.29,1.64
2017,Mar,S,2.7,1.83
2017,Apr,S,5.44,3.93
2017,May,S,9.01,6.83
2017,Jun,S,12.41,9.8
2017,Jul,S,15.3,12.28
2017,Aug,S,17.22,13.62
2017,Sep,S,17.91,13.92
2017,Oct,S,17.78,13.45
2017,Nov,S,15.11,10.91
2017,Dec,S,9.48,6.23
2018,Jan,N,13.08,11.7
2018,Feb,N,13.97,12.31
2018,Mar,N,14.3,12.69
2018,Apr,N,13.7,12.28
2018,May,N,12.23,10.81
2018,Jun,N,10.78,8.79
2018,Jul,N,8.27,5.76
2018,Aug,N,5.61,3.9
2018,Sep,N,4.79,3.35
2018,Oct,N,6.13,4.59
2018,Nov,N,9.82,8.43
2018,Dec,N,11.86,10.45
2018,Jan,S,4.21,2.69
2018,Feb,S,2.33,1.63
2018,Mar,S,3.54,2.31
2018,Apr,S,6.03,4.15
2018,May,S,9.32,7.15
2018,Jun,S,12.89,10.23
2018,Jul,S,15.7,12.49
2018,Aug,S,17.42,14.01
2018,Sep,S,17.96,14.2
2018,Oct,S,17.73,13.99
2018,Nov,S,15.1,10.75
2018,Dec,S,9.19,5.59
2019,Jan,N,13.57,12.14
2019,Feb,N,14.39,12.76
2019,Mar,N,14.57,12.89
2019,Apr,N,13.43,11.9
2019,May,N,12.19,10.5
2019,Jun,N,10.59,8.32
2019,Jul,N,7.59,5.13
2019,Aug,N,5.03,3.24
2019,Sep,N,4.36,3.17
2019,Oct,N,5.73,4.53
2019,Nov,N,9.35,7.98
2019,Dec,N,11.9,10.52
2019,Jan,S,3.87,2.66
2019,Feb,S,2.65,1.81
2019,Mar,S,3.17,2.1
2019,Apr,S,5.72,4.18
2019,May,S,8.85,6.84
2019,Jun,S,12.25,9.75
2019,Jul,S,15.3,12.33
2019,Aug,S,17.48,13.99
2019,Sep,S,18.33,14.6
2019,Oct,S,17.94,13.9
2019,Nov,S,14.99,11.19
2019,Dec,S,9.41,6.59
2020,Jan,N,13.64,12.15
2020,Feb,N,14.64,12.95
2020,Mar,N,14.73,13.03
2020,Apr,N,13.62,12.02
2020,May,N,12.34,10.51
2020,Jun,N,10.59,8.41
2020,Jul,N,7.29,5.07
2020,Aug,N,5.07,3.1
2020,Sep,N,4,2.83
2020,Oct,N,5.33,4.11
2020,Nov,N,8.99,7.53
2020,Dec,N,11.73,10.16
2020,Jan,S,4.6,3.09
2020,Feb,S,2.92,1.83
2020,Mar,S,4,2.59
2020,Apr,S,6.66,4.81
2020,May,S,9.87,7.61
2020,Jun,S,13.27,10.59
2020,Jul,S,15.72,12.58
2020,Aug,S,17.76,14.42
2020,Sep,S,18.84,15.09
2020,Oct,S,18.49,14.6
2020,Nov,S,16.23,11.88
2020,Dec,S,10.57,6.61
2021,Jan,N,13.48,11.71
2021,Feb,N,14.39,12.71
2021,Mar,N,14.64,12.91
2021,Apr,N,13.84,12.13
2021,May,N,12.66,10.82
2021,Jun,N,10.71,8.38
2021,Jul,N,7.69,5.55
2021,Aug,N,5.75,3.77
2021,Sep,N,4.92,3.43
2021,Oct,N,6.77,5.41
2021,Nov,N,9.81,8.53
2021,Dec,N,12.19,10.69
2021,Jan,S,4.67,2.85
2021,Feb,S,2.83,1.68
2021,Mar,S,4.45,2.79
2021,Apr,S,7.08,5.26
2021,May,S,10.33,8.15
2021,Jun,S,13.46,10.98
2021,Jul,S,16.38,13.35
2021,Aug,S,18.13,14.64
2021,Sep,S,18.45,14.35
2021,Oct,S,17.63,13.29
2021,Nov,S,14.95,10.34
2021,Dec,S,9.2,5.45
